molecule_chembl_id,canonical_smiles,standard_value,bioactivity_class
CHEMBL554067,C[C@@H](Oc1ccnc2ccccc12)c1cn(-c2ccc(Cl)c(Cl)c2)nn1,9,active
CHEMBL549610,C[C@@H](Oc1cccc2ncccc12)c1cn(-c2ccc(Cl)cc2)nn1,9,active
CHEMBL549612,C[C@@H](Oc1cc[n+]([O-])c2ccccc12)c1cn(-c2ccc(Cl)cc2)nn1,13,active
CHEMBL563640,CC(Oc1cc[n+]([O-])c2ccccc12)c1cn(-c2ccc(Cl)c(Cl)c2)nn1,18,active
CHEMBL562828,CC(Oc1ccnc2ccccc12)c1cn(-c2ccc(Cl)c(Cl)c2)nn1,20,active
CHEMBL563523,CC(Oc1ccnc2ccccc12)c1cn(-c2ccc(Cl)cc2)nn1,24,active
CHEMBL555123,C[C@@H](Oc1cccc2c1ccc[n+]2[O-])c1cn(-c2ccc(Cl)cc2)nn1,24,active
CHEMBL560438,CC(Oc1cc[n+]([O-])c2ccccc12)c1cn(-c2ccc(Cl)cc2)nn1,29,active
CHEMBL549610,C[C@@H](Oc1cccc2ncccc12)c1cn(-c2ccc(Cl)cc2)nn1,30,active
CHEMBL560237,C[C@@H](Oc1ccnc2ccccc12)c1cn(-c2ccc(C#N)c(Cl)c2)nn1,31,active
CHEMBL565217,CC(Oc1ccnc2ccccc12)c1cn(-c2ccc(C#N)c(Cl)c2)nn1,40,active
CHEMBL563640,CC(Oc1cc[n+]([O-])c2ccccc12)c1cn(-c2ccc(Cl)c(Cl)c2)nn1,42,active
CHEMBL563524,CC(Oc1cccc2c1ccc[n+]2[O-])c1cn(-c2ccc(Cl)cc2)nn1,44,active
CHEMBL560438,CC(Oc1cc[n+]([O-])c2ccccc12)c1cn(-c2ccc(Cl)cc2)nn1,50,active
CHEMBL549612,C[C@@H](Oc1cc[n+]([O-])c2ccccc12)c1cn(-c2ccc(Cl)cc2)nn1,50,active
CHEMBL555123,C[C@@H](Oc1cccc2c1ccc[n+]2[O-])c1cn(-c2ccc(Cl)cc2)nn1,52,active
CHEMBL563524,CC(Oc1cccc2c1ccc[n+]2[O-])c1cn(-c2ccc(Cl)cc2)nn1,59,active
CHEMBL561424,CC(Oc1ccc(Cl)c2ccccc12)c1cn(-c2ccc(Cl)cc2)nn1,87,active
CHEMBL560760,CC(Oc1cccc2ccccc12)c1cn(-c2ccc(Cl)cc2)nn1,130,active
CHEMBL563348,C[C@H](Oc1ccnc2ccccc12)c1cn(-c2ccc(Cl)c(Cl)c2)nn1,130,active
CHEMBL562829,CC(Oc1ccnc2ccccc12)c1cn(-c2ccc(C#N)cc2)nn1,140,active
CHEMBL563523,CC(Oc1ccnc2ccccc12)c1cn(-c2ccc(Cl)cc2)nn1,230,active
CHEMBL562829,CC(Oc1ccnc2ccccc12)c1cn(-c2ccc(C#N)cc2)nn1,340,active
CHEMBL554061,Clc1ccc(-n2cc(COc3ccnc4ccccc34)nn2)cc1,440,active
CHEMBL554061,Clc1ccc(-n2cc(COc3ccnc4ccccc34)nn2)cc1,480,active
CHEMBL549548,C[C@H](Oc1ccnc2ccccc12)c1cn(-c2ccc(C#N)c(Cl)c2)nn1,600,active
CHEMBL554067,C[C@@H](Oc1ccnc2ccccc12)c1cn(-c2ccc(Cl)c(Cl)c2)nn1,650,active
CHEMBL570997,CC(Oc1ccnc2ccccc12)C(=O)Nc1ccc(Cl)cc1,660,active
CHEMBL562828,CC(Oc1ccnc2ccccc12)c1cn(-c2ccc(Cl)c(Cl)c2)nn1,700,active
CHEMBL557281,CC(C)C(Oc1cccc2ccccc12)C(=O)Nc1ccc(Cl)cc1,710,active
CHEMBL560760,CC(Oc1cccc2ccccc12)c1cn(-c2ccc(Cl)cc2)nn1,780,active
CHEMBL557281,CC(C)C(Oc1cccc2ccccc12)C(=O)Nc1ccc(Cl)cc1,830,active
CHEMBL570997,CC(Oc1ccnc2ccccc12)C(=O)Nc1ccc(Cl)cc1,860,active
CHEMBL563348,C[C@H](Oc1ccnc2ccccc12)c1cn(-c2ccc(Cl)c(Cl)c2)nn1,880,active
CHEMBL561635,CC(Oc1cccc2ccccc12)C(=O)Nc1ccc(Cl)cc1,1060,intermediate
CHEMBL560237,C[C@@H](Oc1ccnc2ccccc12)c1cn(-c2ccc(C#N)c(Cl)c2)nn1,1100,intermediate
CHEMBL565217,CC(Oc1ccnc2ccccc12)c1cn(-c2ccc(C#N)c(Cl)c2)nn1,1400,intermediate
CHEMBL561635,CC(Oc1cccc2ccccc12)C(=O)Nc1ccc(Cl)cc1,1640,intermediate
CHEMBL549548,C[C@H](Oc1ccnc2ccccc12)c1cn(-c2ccc(C#N)c(Cl)c2)nn1,2300,intermediate
CHEMBL561640,CC(Oc1ccccc1)C(=O)Nc1ccc(Cl)cc1,3300,intermediate
CHEMBL561424,CC(Oc1ccc(Cl)c2ccccc12)c1cn(-c2ccc(Cl)cc2)nn1,3900,intermediate
CHEMBL564187,O=C(Nc1ccc(Cl)cc1)C(Oc1cccc2ccccc12)c1ccccc1,5000,intermediate
CHEMBL564117,O=C(Nc1ccc(Cl)cc1)C(Oc1cccc2ccccc12)C1CC1,5000,intermediate
CHEMBL560040,CC(C)C(Oc1cccc2ccccc12)c1cn(-c2ccc(Cl)cc2)nn1,5000,intermediate
CHEMBL556184,CC(Oc1cccc2ccccc12)c1cn(-c2ccccc2Cl)nn1,5000,intermediate
CHEMBL1450808,O=C(Cn1c(-c2cscn2)nc2ccccc21)Nc1ccc2ccccc2c1,7,active
CHEMBL1957252,O=C(Cn1c(-c2nccs2)nc2ccccc21)Nc1ccc2ccccc2c1,8,active
CHEMBL1957258,O=C(Cn1c(-c2ccccn2)nc2ccccc21)Nc1ccc2ccccc2c1,8,active
CHEMBL1957251,O=C(Cn1c(-c2nccs2)nc2ccccc21)Nc1ccc(Cl)c(Cl)c1,18,active
CHEMBL1957254,O=C(Cn1c(-c2cccs2)nc2ccccc21)Nc1ccc(Cl)cc1,20,active
CHEMBL1957257,O=C(Cn1c(-c2ccccn2)nc2ccccc21)Nc1ccc(Cl)c(Cl)c1,22,active
CHEMBL1957259,N#Cc1cc(NC(=O)Cn2c(-c3ccccn3)nc3ccccc32)ccc1Cl,22,active
CHEMBL1957250,CC(C(=O)Nc1ccc(Cl)cc1)n1c(-c2nccs2)nc2ccccc21,23,active
CHEMBL1231618,O=C(Cn1c(-c2nccs2)nc2ccccc21)Nc1ccc(Br)cc1,28,active
CHEMBL1957243,O=C(Cn1c(-c2cscn2)nc2ccccc21)Nc1cccc(Cl)c1Cl,30,active
CHEMBL1957244,N#Cc1cc(NC(=O)Cn2c(-c3cscn3)nc3ccccc32)ccc1Cl,30,active
CHEMBL1957249,O=C(Cn1c(-c2nccs2)nc2ccccc21)Nc1ccc(Cl)cc1,30,active
CHEMBL1957253,O=C(Cn1c(-c2cncs2)nc2ccccc21)Nc1ccc(Cl)cc1,35,active
CHEMBL1957255,Cn1cc(-c2nc3ccccc3n2CC(=O)Nc2ccc(Cl)cc2)cn1,35,active
CHEMBL1957256,O=C(Cn1c(-c2ccccn2)nc2ccccc21)Nc1ccc(Cl)cc1,43,active
CHEMBL1957238,O=C(Cn1c(-c2cscn2)nc2ccccc21)Nc1ccc(Br)cc1,60,active
CHEMBL1957246,CC(C(=O)Nc1ccc(Cl)cc1)n1c(-c2cscn2)nc2ccccc21,60,active
CHEMBL1957260,O=C(Cn1c(-c2ccc[nH]2)nc2ccccc21)Nc1ccc(Cl)cc1,80,active
CHEMBL1957233,CSc1ccc(NC(=O)Cn2c(-c3cscn3)nc3ccccc32)cc1,120,active
CHEMBL237232,O=C(Cn1c(-c2cscn2)nc2ccccc21)Nc1ccc(Cl)cc1,120,active
CHEMBL1957240,O=C(Cn1c(-c2cscn2)nc2ccccc21)Nc1ccc(OC(F)(F)F)cc1,140,active
CHEMBL1957261,O=C(Cn1c(-c2ncco2)nc2ccccc21)Nc1ccc(Cl)cc1,170,active
CHEMBL1957262,O=C(Cn1c(-c2ccccc2)nc2ccccc21)Nc1ccc(Cl)cc1,210,active
CHEMBL1957236,O=C(Cn1c(-c2cscn2)nc2ccccc21)Nc1ccc(C(F)(F)F)cc1,220,active
CHEMBL1957224,CC(C(=O)Nc1ccc2c(c1)OCC2)n1c(-c2cscn2)nc2ccccc21,240,active
CHEMBL1957237,N#Cc1ccc(NC(=O)Cn2c(-c3cscn3)nc3ccccc32)cc1,370,active
CHEMBL1957263,O=C(Cn1c(-c2ccc(Cl)cc2)nc2ccccc21)Nc1ccc(Cl)cc1,450,intermediate
CHEMBL1957242,O=C(Cn1c(-c2cscn2)nc2ccccc21)Nc1cccc(Cl)c1,490,intermediate
CHEMBL1957264,O=C(Cn1c(-c2ccc(F)cc2)nc2ccccc21)Nc1ccc(Cl)cc1,870,intermediate
CHEMBL1957235,O=C(Cn1c(-c2cscn2)nc2ccccc21)Nc1ccc(F)cc1,900,intermediate
CHEMBL1957232,COc1ccc(NC(=O)Cn2c(-c3cscn3)nc3ccccc32)cc1,1200,intermediate
CHEMBL1957234,CC(C)c1ccc(NC(=O)Cn2c(-c3cscn3)nc3ccccc32)cc1,5000,intermediate
CHEMBL1957239,CS(=O)(=O)c1ccc(NC(=O)Cn2c(-c3cscn3)nc3ccccc32)cc1,5000,intermediate
CHEMBL1957241,O=C(Cn1c(-c2cscn2)nc2ccccc21)Nc1ccccc1Cl,5000,intermediate
CHEMBL1957245,O=C(Cn1c(-c2cscn2)nc2ccccc21)Nc1ccc(Cl)c2ccccc12,5000,active
CHEMBL1957247,CC(C)C(C(=O)Nc1ccc(Cl)cc1)n1c(-c2cscn2)nc2ccccc21,5000,active
CHEMBL1957248,O=C(CNc1ccc(Cl)cc1)Cn1c(-c2cscn2)nc2ccccc21,5000,active
CHEMBL1957265,Cc1nc2ccccc2n1CC(=O)Nc1ccc(Cl)cc1,5000,active
CHEMBL1957258,O=C(Cn1c(-c2ccccn2)nc2ccccc21)Nc1ccc2ccccc2c1,14,active
CHEMBL1450808,O=C(Cn1c(-c2cscn2)nc2ccccc21)Nc1ccc2ccccc2c1,20,active
CHEMBL1957252,O=C(Cn1c(-c2nccs2)nc2ccccc21)Nc1ccc2ccccc2c1,20,active
CHEMBL1231618,O=C(Cn1c(-c2nccs2)nc2ccccc21)Nc1ccc(Br)cc1,27,active
CHEMBL1957250,CC(C(=O)Nc1ccc(Cl)cc1)n1c(-c2nccs2)nc2ccccc21,30,active
CHEMBL1957257,O=C(Cn1c(-c2ccccn2)nc2ccccc21)Nc1ccc(Cl)c(Cl)c1,40,active
CHEMBL1957259,N#Cc1cc(NC(=O)Cn2c(-c3ccccn3)nc3ccccc32)ccc1Cl,40,active
CHEMBL1957255,Cn1cc(-c2nc3ccccc3n2CC(=O)Nc2ccc(Cl)cc2)cn1,42,active
CHEMBL1957249,O=C(Cn1c(-c2nccs2)nc2ccccc21)Nc1ccc(Cl)cc1,50,active
CHEMBL1957251,O=C(Cn1c(-c2nccs2)nc2ccccc21)Nc1ccc(Cl)c(Cl)c1,50,active
CHEMBL1957244,N#Cc1cc(NC(=O)Cn2c(-c3cscn3)nc3ccccc32)ccc1Cl,60,active
CHEMBL1957253,O=C(Cn1c(-c2cncs2)nc2ccccc21)Nc1ccc(Cl)cc1,60,active
CHEMBL1957254,O=C(Cn1c(-c2cccs2)nc2ccccc21)Nc1ccc(Cl)cc1,60,active
CHEMBL1957233,CSc1ccc(NC(=O)Cn2c(-c3cscn3)nc3ccccc32)cc1,69,active
CHEMBL1957246,CC(C(=O)Nc1ccc(Cl)cc1)n1c(-c2cscn2)nc2ccccc21,80,active
CHEMBL1957243,O=C(Cn1c(-c2cscn2)nc2ccccc21)Nc1cccc(Cl)c1Cl,90,active
CHEMBL1957256,O=C(Cn1c(-c2ccccn2)nc2ccccc21)Nc1ccc(Cl)cc1,90,active
CHEMBL1957260,O=C(Cn1c(-c2ccc[nH]2)nc2ccccc21)Nc1ccc(Cl)cc1,120,active
CHEMBL237232,O=C(Cn1c(-c2cscn2)nc2ccccc21)Nc1ccc(Cl)cc1,200,active
CHEMBL1957261,O=C(Cn1c(-c2ncco2)nc2ccccc21)Nc1ccc(Cl)cc1,230,intermediate
CHEMBL1957262,O=C(Cn1c(-c2ccccc2)nc2ccccc21)Nc1ccc(Cl)cc1,280,intermediate
CHEMBL1957224,CC(C(=O)Nc1ccc2c(c1)OCC2)n1c(-c2cscn2)nc2ccccc21,300,active
CHEMBL1957236,O=C(Cn1c(-c2cscn2)nc2ccccc21)Nc1ccc(C(F)(F)F)cc1,330,intermediate
CHEMBL1957264,O=C(Cn1c(-c2ccc(F)cc2)nc2ccccc21)Nc1ccc(Cl)cc1,1300,intermediate
CHEMBL1957242,O=C(Cn1c(-c2cscn2)nc2ccccc21)Nc1cccc(Cl)c1,1430,intermediate
CHEMBL1353692,C=C(C)c1cccc(C(C)(C)NC(=O)Nc2ccc3[nH]c(O)nc3c2)c1,340,active
CHEMBL2178640,C=C(C)c1cccc(C(C)(C)NC(=O)N(C)c2ccc(Cl)cc2)c1,5000,active
CHEMBL2178638,CC(=O)c1cccc(CNC(=O)Nc2ccc(Cl)cc2)c1,5000,active
CHEMBL2178628,C=C(C)c1cccc(C(C)(C)NC(=O)Nc2ccc3ccccc3n2)c1,1100,active
CHEMBL2178640,C=C(C)c1cccc(C(C)(C)NC(=O)N(C)c2ccc(Cl)cc2)c1,900,active
CHEMBL2178645,C=C(C)c1cccc(C(C)(C)NC(=O)Nc2ccccc2)c1,410,active
CHEMBL2178648,C=C(C)c1cccc(C(C)(C)NC(=O)Nc2cccc(Cl)c2)c1,330,active
CHEMBL2178627,C=C(C)c1cccc(C(C)(C)NC(=O)Nc2cnc3ccccc3c2)c1,308,active
CHEMBL2178628,C=C(C)c1cccc(C(C)(C)NC(=O)Nc2ccc3ccccc3n2)c1,250,active
CHEMBL2178645,C=C(C)c1cccc(C(C)(C)NC(=O)Nc2ccccc2)c1,250,active
CHEMBL2178643,CC(=O)c1cccc(C(C)(C)OC(=O)Nc2ccc(Cl)cc2)c1,120,active
CHEMBL2178631,CC(O)c1cccc(C(C)(C)NC(=O)Nc2ccc(Cl)cc2)c1,120,active
CHEMBL2178637,CC(=O)c1cccc(C(C)NC(=O)Nc2ccc(Cl)cc2)c1,110,active
CHEMBL2178657,C=C(C)c1cccc(C(C)(C)NC(=O)Nc2ccc3c(c2)OCCO3)c1,110,active
CHEMBL2178639,NC(=O)c1cc(NC(=O)NC2(c3cccc(-c4ccccc4)c3)CC2)ccc1Cl,90,active
CHEMBL2178643,CC(=O)c1cccc(C(C)(C)OC(=O)Nc2ccc(Cl)cc2)c1,90,active
CHEMBL2178631,CC(O)c1cccc(C(C)(C)NC(=O)Nc2ccc(Cl)cc2)c1,80,active
CHEMBL2178637,CC(=O)c1cccc(C(C)NC(=O)Nc2ccc(Cl)cc2)c1,70,active
CHEMBL2178627,C=C(C)c1cccc(C(C)(C)NC(=O)Nc2cnc3ccccc3c2)c1,70,active
CHEMBL2178648,C=C(C)c1cccc(C(C)(C)NC(=O)Nc2cccc(Cl)c2)c1,70,active
CHEMBL2178634,CC(=O)c1cccc(C(C)(C)NC(=O)Nc2ccc(Cl)cc2)c1,64,active
CHEMBL2178636,CC(=O)c1cccc(C(C)(C)NC(=O)Nc2ccc(Cl)c(C(N)=O)c2)c1,54,active
CHEMBL2178636,CC(=O)c1cccc(C(C)(C)NC(=O)Nc2ccc(Cl)c(C(N)=O)c2)c1,52,active
CHEMBL2178651,C=C(C)c1cccc(C(C)(C)NC(=O)Nc2ccc(Cl)c(Cl)c2)c1,50,active
CHEMBL2178658,C=C(C)c1cccc(C(C)(C)NC(=O)Nc2ccc3ccccc3c2)c1,40,active
CHEMBL2178639,NC(=O)c1cc(NC(=O)NC2(c3cccc(-c4ccccc4)c3)CC2)ccc1Cl,40,active
CHEMBL2178634,CC(=O)c1cccc(C(C)(C)NC(=O)Nc2ccc(Cl)cc2)c1,39,active
CHEMBL2178646,C=C(C)c1cccc(C(C)(C)NC(=O)Nc2ccc(Cl)cc2)c1,37,active
CHEMBL2178623,C/C(=N\OCCN)c1cccc(C(C)(C)NC(=O)Nc2ccc(Cl)c([N+](=O)[O-])c2)c1,24,active
CHEMBL1606928,C=C(C)c1cccc(C(C)(C)NC(=O)Nc2ccc(OC)cc2)c1,21,active
CHEMBL2178635,CC(=O)c1cccc(C(C)(C)NC(=O)Nc2ccc(Cl)c(C(F)(F)F)c2)c1,20,active
CHEMBL2178652,C=C(C)c1cccc(C(C)(C)NC(=O)Nc2ccc(Cl)c(C(F)(F)F)c2)c1,20,active
CHEMBL2178647,C=C(C)c1cccc(C(C)(C)NC(=O)Nc2ccc(Br)cc2)c1,20,active
CHEMBL2178623,C/C(=N\OCCN)c1cccc(C(C)(C)NC(=O)Nc2ccc(Cl)c([N+](=O)[O-])c2)c1,20,active
CHEMBL2178646,C=C(C)c1cccc(C(C)(C)NC(=O)Nc2ccc(Cl)cc2)c1,20,active
CHEMBL2178620,CO/N=C(\C)c1cccc(C(C)(C)NC(=O)Nc2ccc(Cl)c(C(F)(F)F)c2)c1,18,active
CHEMBL2178632,CC(C)(NC(=O)Nc1ccc(Cl)c(C(N)=O)c1)c1cccc(-c2ccccc2)c1,14,active
CHEMBL2178655,C=C(C)c1cccc(C(C)(C)NC(=O)Nc2ccc(Cl)c(C(=O)NC)c2)c1,14,active
CHEMBL2178622,CO/N=C(\C)c1cccc(C(C)(C)NC(=O)Nc2ccc3ccccc3c2)c1,13,active
CHEMBL2178656,C=C(C)c1cccc(C(C)(C)NC(=O)Nc2ccc(Cl)c(C(=O)N(C)C)c2)c1,11.7,active
CHEMBL2178647,C=C(C)c1cccc(C(C)(C)NC(=O)Nc2ccc(Br)cc2)c1,10,active
CHEMBL2178635,CC(=O)c1cccc(C(C)(C)NC(=O)Nc2ccc(Cl)c(C(F)(F)F)c2)c1,9,active
CHEMBL1606928,C=C(C)c1cccc(C(C)(C)NC(=O)Nc2ccc(OC)cc2)c1,9,active
CHEMBL2178656,C=C(C)c1cccc(C(C)(C)NC(=O)Nc2ccc(Cl)c(C(=O)N(C)C)c2)c1,8,active
CHEMBL2178657,C=C(C)c1cccc(C(C)(C)NC(=O)Nc2ccc3c(c2)OCCO3)c1,7.2,active
CHEMBL2178655,C=C(C)c1cccc(C(C)(C)NC(=O)Nc2ccc(Cl)c(C(=O)NC)c2)c1,7,active
CHEMBL2178617,C/C(=N\O)c1cccc(C(C)(C)NC(=O)Nc2ccc(Cl)c(C(N)=O)c2)c1,6,intermediate
CHEMBL2178626,C=C(C)c1cccc(C(C)(C)NC(=O)Nc2ccc3cccnc3c2)c1,6,intermediate
CHEMBL2178651,C=C(C)c1cccc(C(C)(C)NC(=O)Nc2ccc(Cl)c(Cl)c2)c1,6,intermediate
CHEMBL2178621,CO/N=C(\C)c1cccc(C(C)(C)NC(=O)Nc2ccc(Cl)c(C(N)=O)c2)c1,5,intermediate
CHEMBL2178653,C=C(C)c1cccc(C(C)(C)NC(=O)Nc2ccc(Cl)c(OC)c2)c1,5,intermediate
CHEMBL2178621,CO/N=C(\C)c1cccc(C(C)(C)NC(=O)Nc2ccc(Cl)c(C(N)=O)c2)c1,5,intermediate
CHEMBL2178620,CO/N=C(\C)c1cccc(C(C)(C)NC(=O)Nc2ccc(Cl)c(C(F)(F)F)c2)c1,5,intermediate
CHEMBL2178617,C/C(=N\O)c1cccc(C(C)(C)NC(=O)Nc2ccc(Cl)c(C(N)=O)c2)c1,5,intermediate
CHEMBL2178644,C/C(=N\O)c1cccc(C(C)(C)NC(=O)Nc2ccc(Cl)c(C(F)(F)F)c2)c1,4,active
CHEMBL2178625,C=C(C)c1cccc(C(C)(C)NC(=O)Nc2ccc3ncccc3c2)c1,4,active
CHEMBL2178632,CC(C)(NC(=O)Nc1ccc(Cl)c(C(N)=O)c1)c1cccc(-c2ccccc2)c1,4,active
CHEMBL2178652,C=C(C)c1cccc(C(C)(C)NC(=O)Nc2ccc(Cl)c(C(F)(F)F)c2)c1,4,active
CHEMBL2178654,C=C(C)c1cccc(C(C)(C)NC(=O)Nc2ccc(Cl)c(C(N)=O)c2)c1,3,active
CHEMBL2178618,C/C(=N\O)c1cccc(C(C)(C)NC(=O)Nc2ccc3ccccc3c2)c1,2.3,active
CHEMBL2178654,C=C(C)c1cccc(C(C)(C)NC(=O)Nc2ccc(Cl)c(C(N)=O)c2)c1,2.3,active
CHEMBL2178658,C=C(C)c1cccc(C(C)(C)NC(=O)Nc2ccc3ccccc3c2)c1,2.1,intermediate
CHEMBL2178616,C/C(=N\O)c1cccc(C(C)(C)NC(=O)Nc2ccc(Cl)c([N+](=O)[O-])c2)c1,2,intermediate
CHEMBL2178625,C=C(C)c1cccc(C(C)(C)NC(=O)Nc2ccc3ncccc3c2)c1,1.8,active
CHEMBL2178622,CO/N=C(\C)c1cccc(C(C)(C)NC(=O)Nc2ccc3ccccc3c2)c1,1.6,active
CHEMBL2178653,C=C(C)c1cccc(C(C)(C)NC(=O)Nc2ccc(Cl)c(OC)c2)c1,1.3,active
CHEMBL2178619,C/C(=N\O)c1cccc(C(C)(C)NC(=O)Nc2ccc3cccnc3c2)c1,1.2,active
CHEMBL2178618,C/C(=N\O)c1cccc(C(C)(C)NC(=O)Nc2ccc3ccccc3c2)c1,1,active
CHEMBL2178644,C/C(=N\O)c1cccc(C(C)(C)NC(=O)Nc2ccc(Cl)c(C(F)(F)F)c2)c1,1,active
CHEMBL2178619,C/C(=N\O)c1cccc(C(C)(C)NC(=O)Nc2ccc3cccnc3c2)c1,0.9,active
CHEMBL2178626,C=C(C)c1cccc(C(C)(C)NC(=O)Nc2ccc3cccnc3c2)c1,0.8,active
CHEMBL2178616,C/C(=N\O)c1cccc(C(C)(C)NC(=O)Nc2ccc(Cl)c([N+](=O)[O-])c2)c1,0.66,active
CHEMBL2178624,C=C(C)c1cccc(C(C)(C)NC(=O)Nc2cccc3ccccc23)c1,5000,active
CHEMBL2178650,C=C(C)c1cccc(C(C)(C)NC(=O)Nc2ccc(C(C)(C)C)cc2)c1,5000,active
CHEMBL2178649,C=C(C)c1cccc(C(C)(C)NC(=O)Nc2ccccc2Cl)c1,5000,active
CHEMBL2178642,CC(=O)c1cccc(C(C)(C)NC(=O)Cc2ccc(Cl)cc2)c1,5000,active
CHEMBL2178641,CC(=O)c1cccc(C(C)(C)NC(=O)Oc2ccc(Cl)cc2)c1,5000,active
CHEMBL2178633,CC(C)(NC(=O)Nc1ccc(Cl)cc1)c1ccc(-c2ccccc2)cc1,5000,active
CHEMBL2178630,CC(C)c1cccc(C(C)(C)NC(=O)Nc2ccc3ccccc3c2)c1,5000,active
CHEMBL2178629,CC(C)(NC(=O)Nc1ccc2[nH]c(=O)[nH]c2c1)c1ccccc1,5000,intermediate
CHEMBL2315284,Cn1nc(CC(=O)Nc2ccc3oc4ccccc4c3c2)c2ccccc2c1=O,30,active
CHEMBL2315283,Cn1nc(CC(=O)Nc2ccc3oc4c(c3c2)CCCC4)c2ccccc2c1=O,150,active
CHEMBL2315282,Cc1cc2cc(NC(=O)Cc3nn(C)c(=O)c4ccccc34)ccc2o1,72,intermediate
CHEMBL2315280,Cn1nc(CC(=O)Nc2ccc3occc3c2)c2ccccc2c1=O,85,active
CHEMBL2315279,O=C(Cc1n[nH]c(=O)c2ccccc12)Nc1ccc(Br)c(C(F)(F)F)c1,130,active
CHEMBL2315278,O=C(Cc1n[nH]c(=O)c2ccccc12)Nc1ccc(Cl)c(C(F)(F)F)c1,61,active
CHEMBL2315277,Cn1nc(CC(=O)Nc2ccc3ccccc3c2)c2ccccc2c1=O,140,intermediate
CHEMBL2315271,Cn1nc(CC(=O)Nc2ccc(Br)cc2F)c2ccccc2c1=O,1700,intermediate
CHEMBL2315268,Cn1nc(CC(=O)Nc2ccc(C#N)c(C#N)c2)c2ccccc2c1=O,2500,active
CHEMBL2315267,COc1cc(NC(=O)Cc2nn(C)c(=O)c3ccccc23)ccc1Cl,40,active
CHEMBL2315266,Cc1cc(NC(=O)Cc2nn(C)c(=O)c3ccccc23)ccc1C#N,460,active
CHEMBL2315265,Cc1cc(NC(=O)Cc2nn(C)c(=O)c3ccccc23)ccc1Br,140,active
CHEMBL2315264,Cc1cc(NC(=O)Cc2nn(C)c(=O)c3ccccc23)ccc1Cl,96,active
CHEMBL2315263,Cn1nc(CC(=O)Nc2ccc(Cl)c(F)c2)c2ccccc2c1=O,240,intermediate
CHEMBL2315260,Cn1nc(CC(=O)Nc2ccc(F)c(C(F)(F)F)c2)c2ccccc2c1=O,150,active
CHEMBL2315259,Cn1nc(CC(=O)Nc2ccc(C#N)c(Cl)c2)c2ccccc2c1=O,470,active
CHEMBL2315258,Cn1nc(CC(=O)Nc2ccc(C#N)c(C(F)(F)F)c2)c2ccccc2c1=O,52,active
CHEMBL2315257,Cn1nc(CC(=O)Nc2ccc(Cl)c(C(F)(F)F)c2)c2ccccc2c1=O,25,active
CHEMBL2314992,Cn1nc(CC(=O)Nc2ccc(Br)c(C(F)(F)F)c2)c2ccccc2c1=O,48,active
CHEMBL2314991,Cn1nc(CC(=O)Nc2ccc(Br)c(Cl)c2)c2ccccc2c1=O,75,active
CHEMBL2314990,Cn1nc(CC(=O)Nc2ccc(Cl)c(Cl)c2)c2ccccc2c1=O,95,intermediate
CHEMBL2314985,Cn1nc(CC(=O)Nc2ccc(C#N)cc2)c2ccccc2c1=O,940,intermediate
CHEMBL500225,Cn1nc(CC(=O)Nc2ccc(Br)cc2)c2ccccc2c1=O,130,intermediate
CHEMBL2314983,Cn1nc(CC(=O)Nc2ccc(Cl)cc2)c2ccccc2c1=O,280,intermediate
CHEMBL2314975,COc1ccc(NC(=O)Cc2nn(C)c(=O)c3ccccc23)cc1,930,active
CHEMBL2315287,CCn1c2ccccc2c2cc(NC(=O)Cc3nn(C)c(=O)c4ccccc34)ccc21,5000,active
CHEMBL2315286,Cn1nc(CC(=O)Nc2ccc3[nH]c4ccccc4c3c2)c2ccccc2c1=O,5000,active
CHEMBL2315285,Cn1nc(CC(=O)Nc2ccc3c(c2)oc2ccccc23)c2ccccc2c1=O,5000,active
CHEMBL2315284,Cn1nc(CC(=O)Nc2ccc3oc4ccccc4c3c2)c2ccccc2c1=O,4,active
CHEMBL2315283,Cn1nc(CC(=O)Nc2ccc3oc4c(c3c2)CCCC4)c2ccccc2c1=O,20,active
CHEMBL2315282,Cc1cc2cc(NC(=O)Cc3nn(C)c(=O)c4ccccc34)ccc2o1,64,active
CHEMBL2315281,Cn1nc(CC(=O)Nc2ccc3ocnc3c2)c2ccccc2c1=O,5000,active
CHEMBL2315280,Cn1nc(CC(=O)Nc2ccc3occc3c2)c2ccccc2c1=O,93,active
CHEMBL2315279,O=C(Cc1n[nH]c(=O)c2ccccc12)Nc1ccc(Br)c(C(F)(F)F)c1,32,active
CHEMBL2315278,O=C(Cc1n[nH]c(=O)c2ccccc12)Nc1ccc(Cl)c(C(F)(F)F)c1,40,active
CHEMBL2315277,Cn1nc(CC(=O)Nc2ccc3ccccc3c2)c2ccccc2c1=O,63,active
CHEMBL2315276,Cn1nc(CC(=O)Nc2cc(F)c(F)c(F)c2)c2ccccc2c1=O,5000,active
CHEMBL2315275,Cn1nc(CC(=O)Nc2cc(Cl)c(Cl)c(Cl)c2)c2ccccc2c1=O,5000,active
CHEMBL2315274,Cn1nc(CC(=O)Nc2cc(Cl)cc(Cl)c2)c2ccccc2c1=O,5000,active
CHEMBL2315273,Cn1nc(CC(=O)Nc2ccc(Cl)cc2Cl)c2ccccc2c1=O,5000,active
CHEMBL2315272,Cn1nc(CC(=O)Nc2ccc(Br)cc2Br)c2ccccc2c1=O,5000,active
CHEMBL2315271,Cn1nc(CC(=O)Nc2ccc(Br)cc2F)c2ccccc2c1=O,1100,active
CHEMBL2315270,Cn1nc(CC(=O)Nc2ccc(Br)cc2C(F)(F)F)c2ccccc2c1=O,5000,active
CHEMBL2315269,Cn1nc(CC(=O)Nc2ccc(Cl)cc2C(F)(F)F)c2ccccc2c1=O,5000,active
CHEMBL2315268,Cn1nc(CC(=O)Nc2ccc(C#N)c(C#N)c2)c2ccccc2c1=O,2500,active
CHEMBL2315267,COc1cc(NC(=O)Cc2nn(C)c(=O)c3ccccc23)ccc1Cl,33,active
CHEMBL2315266,Cc1cc(NC(=O)Cc2nn(C)c(=O)c3ccccc23)ccc1C#N,400,active
CHEMBL2315265,Cc1cc(NC(=O)Cc2nn(C)c(=O)c3ccccc23)ccc1Br,70,active
CHEMBL2315264,Cc1cc(NC(=O)Cc2nn(C)c(=O)c3ccccc23)ccc1Cl,79,active
CHEMBL2315263,Cn1nc(CC(=O)Nc2ccc(Cl)c(F)c2)c2ccccc2c1=O,200,active
CHEMBL2315262,Cn1nc(CC(=O)Nc2ccc(N)c(C(F)(F)F)c2)c2ccccc2c1=O,5000,active
CHEMBL2315261,COc1ccc(NC(=O)Cc2nn(C)c(=O)c3ccccc23)cc1C(F)(F)F,5000,active
CHEMBL2315260,Cn1nc(CC(=O)Nc2ccc(F)c(C(F)(F)F)c2)c2ccccc2c1=O,150,active
CHEMBL2315259,Cn1nc(CC(=O)Nc2ccc(C#N)c(Cl)c2)c2ccccc2c1=O,290,active
CHEMBL2315258,Cn1nc(CC(=O)Nc2ccc(C#N)c(C(F)(F)F)c2)c2ccccc2c1=O,54,active
CHEMBL2315257,Cn1nc(CC(=O)Nc2ccc(Cl)c(C(F)(F)F)c2)c2ccccc2c1=O,13,active
CHEMBL2314992,Cn1nc(CC(=O)Nc2ccc(Br)c(C(F)(F)F)c2)c2ccccc2c1=O,24,active
CHEMBL2314991,Cn1nc(CC(=O)Nc2ccc(Br)c(Cl)c2)c2ccccc2c1=O,30,active
CHEMBL2314990,Cn1nc(CC(=O)Nc2ccc(Cl)c(Cl)c2)c2ccccc2c1=O,55,active
CHEMBL2314989,Cn1nc(CC(=O)Nc2cccc(Cl)c2)c2ccccc2c1=O,5000,active
CHEMBL2314988,Cn1nc(CC(=O)Nc2cccc(C(F)(F)F)c2)c2ccccc2c1=O,5000,active
CHEMBL2314987,Cn1nc(CC(=O)Nc2ccc(S(C)(=O)=O)cc2)c2ccccc2c1=O,5000,intermediate
CHEMBL2314986,Cn1nc(CC(=O)Nc2ccc(C(F)(F)F)cc2)c2ccccc2c1=O,5000,active
CHEMBL2314985,Cn1nc(CC(=O)Nc2ccc(C#N)cc2)c2ccccc2c1=O,950,intermediate
CHEMBL2314984,Cn1nc(CC(=O)Nc2ccc(F)cc2)c2ccccc2c1=O,5000,intermediate
CHEMBL500225,Cn1nc(CC(=O)Nc2ccc(Br)cc2)c2ccccc2c1=O,130,intermediate
CHEMBL1313756,COc1ccc(CNC(=O)Cc2nn(C)c(=O)c3ccccc23)cc1,5000,active
CHEMBL2314982,CC(C)c1ccc(NC(=O)Cc2nn(C)c(=O)c3ccccc23)cc1,5000,active
CHEMBL2314981,Cc1ccc(NC(=O)Cc2nn(C)c(=O)c3ccccc23)cc1,5000,active
CHEMBL2314980,Cn1nc(CC(=O)Nc2ccc(OC(F)(F)F)cc2)c2ccccc2c1=O,5000,intermediate
CHEMBL2314979,CCOc1ccc(NC(=O)Cc2nn(C)c(=O)c3ccccc23)cc1,5000,intermediate
CHEMBL2314978,COc1cccc(NC(=O)Cc2nn(C)c(=O)c3ccccc23)c1,5000,intermediate
CHEMBL2314977,Cn1nc(CC(=O)NC(C)(C)C)c2ccccc2c1=O,5000,intermediate
CHEMBL2314976,Cn1nc(CC(=O)NN)c2ccccc2c1=O,5000,active
CHEMBL1608247,COc1ccccc1NC(=O)Cc1nn(C)c(=O)c2ccccc12,5000,active
CHEMBL2314975,COc1ccc(NC(=O)Cc2nn(C)c(=O)c3ccccc23)cc1,1000,active
CHEMBL2314983,Cn1nc(CC(=O)Nc2ccc(Cl)cc2)c2ccccc2c1=O,230,active
CHEMBL2348795,C[C@H](Nc1cccc2ccccc12)C(=O)Nc1ccc2oc(-c3ccncc3)nc2c1,15,active
CHEMBL2348794,C[C@H](Nc1cccc(Cl)c1Cl)C(=O)Nc1ccc2oc(-c3ccncc3)nc2c1,1.1,active
CHEMBL2348793,CC(Nc1cccc(Cl)c1Cl)C(=O)Nc1ccc2oc(-c3ccncc3)nc2c1,1.8,active
CHEMBL2348636,C[C@@H](C(=O)Nc1ccc2oc(-c3ccncc3)nc2c1)c1cccc(Cl)c1Cl,50,intermediate
CHEMBL2348635,C[C@@H](C(=O)Nc1ccc2oc(-c3ccncc3)nc2c1)c1ccccc1,28,active
,,,active
CHEMBL2348633,CC(C(=O)Nc1ccc2oc(-c3ccncc3)nc2c1)c1ccccc1,130,active
,,,active
,,,active
,,,active
CHEMBL2348629,C[C@H](Oc1cccc(Cl)c1Cl)C(=O)Nc1cc(Cl)c2oc(-c3ccncc3)nc2c1,600,active
CHEMBL2348628,C[C@H](Oc1cccc(Cl)c1Cl)C(=O)Nc1ccc2nc(-c3cncs3)oc2c1,60,intermediate
CHEMBL2348627,C[C@H](Oc1cccc(Cl)c1Cl)C(=O)Nc1ccc2nc(-c3ccncc3)oc2c1,4,intermediate
,,,active
,,,active
,,,intermediate
,,,active
CHEMBL2348807,C[C@H](Oc1cccc2ccccc12)C(=O)Nc1ccc2oc(-c3ccc[nH]3)nc2c1,50,active
CHEMBL2348806,C[C@H](Oc1cccc(Cl)c1Cl)C(=O)Nc1ccc2oc(-c3nccs3)nc2c1,30,active
CHEMBL2348805,CC(Oc1ccc(Cl)c2ccccc12)C(=O)Nc1ccc2oc(-c3cncs3)nc2c1,70,active
CHEMBL2348804,C[C@H](Oc1cccc2ccccc12)C(=O)Nc1ccc2oc(-c3cncs3)nc2c1,4,active
CHEMBL2348803,C[C@H](Oc1cccc(Cl)c1Cl)C(=O)Nc1ccc2oc(-c3cncs3)nc2c1,2.3,active
CHEMBL2348802,CC(Oc1ccc(Cl)cc1Cl)C(=O)Nc1ccc2oc(-c3ccccn3)nc2c1,800,active
CHEMBL2348801,CC(Oc1ccc(Cl)cc1Cl)C(=O)Nc1ccc2oc(-c3cccnc3)nc2c1,600,active
,,,active
CHEMBL2348799,COc1cccc(O[C@@H](C)C(=O)Nc2ccc3oc(-c4ccncc4)nc3c2)c1OC,60,intermediate
CHEMBL2348798,C[C@H](Oc1cccc([N+](=O)[O-])c1Cl)C(=O)Nc1ccc2oc(-c3ccncc3)nc2c1,6,active
CHEMBL2348797,C[C@H](Oc1cccc(C(F)(F)F)c1Cl)C(=O)Nc1ccc2oc(-c3ccncc3)nc2c1,52,intermediate
CHEMBL2348796,C[C@H](Oc1cccc(Cl)c1Cl)C(=O)Nc1ccc2oc(-c3ccncc3)nc2c1,3.5,active
CHEMBL2348823,C[C@H](Oc1cccc2ccccc12)C(=O)Nc1ccc2oc(-c3ccncc3)nc2c1,8,intermediate
CHEMBL2348822,C[C@@H](Oc1cccc2ccccc12)C(=O)Nc1ccc2oc(-c3ccncc3)nc2c1,380,active
CHEMBL2348821,CC(C)C(Oc1cccc2ccccc12)C(=O)Nc1ccc2oc(-c3ccncc3)nc2c1,57,intermediate
,,,active
,,,active
CHEMBL2348819,CC(Oc1ccc(Cl)c2ccccc12)C(=O)Nc1ccc2oc(-c3ccncc3)nc2c1,53,intermediate
CHEMBL2348818,CC(Oc1cccc2ccccc12)C(=O)Nc1ccc2oc(-c3ccncc3)nc2c1,14,active
,,,intermediate
CHEMBL2348816,CC(Oc1cccc(Cl)c1Cl)C(=O)Nc1ccc2oc(-c3ccncc3)nc2c1,11,active
CHEMBL2348815,CC(Oc1cccc(Cl)c1)C(=O)Nc1ccc2oc(-c3ccncc3)nc2c1,32,active
CHEMBL2348814,COc1ccc(OC(C)C(=O)Nc2ccc3oc(-c4ccncc4)nc3c2)cc1,34,active
CHEMBL2348813,CC(Oc1ccccc1)C(=O)Nc1ccc2oc(-c3ccncc3)nc2c1,50,intermediate
CHEMBL2348812,CC(Oc1ccc(Cl)cc1)C(=O)Nc1ccc2oc(-c3ccncc3)nc2c1,118,intermediate
CHEMBL2348811,CC(Oc1ccccc1Cl)C(=O)Nc1ccc2oc(-c3ccncc3)nc2c1,50,intermediate
CHEMBL1500466,CC(Oc1ccc(Cl)cc1Cl)C(=O)Nc1ccc2oc(-c3ccncc3)nc2c1,120,intermediate
CHEMBL2348795,C[C@H](Nc1cccc2ccccc12)C(=O)Nc1ccc2oc(-c3ccncc3)nc2c1,14,intermediate
CHEMBL2348794,C[C@H](Nc1cccc(Cl)c1Cl)C(=O)Nc1ccc2oc(-c3ccncc3)nc2c1,0.5,intermediate
CHEMBL2348793,CC(Nc1cccc(Cl)c1Cl)C(=O)Nc1ccc2oc(-c3ccncc3)nc2c1,2,intermediate
CHEMBL2348636,C[C@@H](C(=O)Nc1ccc2oc(-c3ccncc3)nc2c1)c1cccc(Cl)c1Cl,60,active
CHEMBL2348635,C[C@@H](C(=O)Nc1ccc2oc(-c3ccncc3)nc2c1)c1ccccc1,22.3,intermediate
CHEMBL2348634,C[C@H](C(=O)Nc1ccc2oc(-c3ccncc3)nc2c1)c1ccccc1,5000,active
CHEMBL2348633,CC(C(=O)Nc1ccc2oc(-c3ccncc3)nc2c1)c1ccccc1,120,active
CHEMBL2348632,CC(Cc1ccccc1)C(=O)Nc1ccc2oc(-c3ccncc3)nc2c1,5000,intermediate
CHEMBL2348631,C[C@H](Oc1cccc(Cl)c1Cl)C(=O)Nc1cccc(NC(=O)c2ccncc2)c1,5000,active
CHEMBL2348630,CC(Oc1ccccc1)C(=O)Nc1ccc2nc(-c3ccncc3)[nH]c2c1,5000,active
CHEMBL2348629,C[C@H](Oc1cccc(Cl)c1Cl)C(=O)Nc1cc(Cl)c2oc(-c3ccncc3)nc2c1,240,active
CHEMBL2348628,C[C@H](Oc1cccc(Cl)c1Cl)C(=O)Nc1ccc2nc(-c3cncs3)oc2c1,7,active
CHEMBL2348627,C[C@H](Oc1cccc(Cl)c1Cl)C(=O)Nc1ccc2nc(-c3ccncc3)oc2c1,0.6,intermediate
CHEMBL2348626,CC(NC(=O)c1ccc2oc(-c3ccncc3)nc2c1)c1ccccc1,5000,intermediate
CHEMBL2348810,C[C@H](Oc1cccc2ccccc12)C(=O)N(C)c1ccc2oc(-c3cncs3)nc2c1,5000,active
CHEMBL2348809,CC(Oc1ccccc1)c1cn(-c2ccc3oc(-c4cncs4)nc3c2)nn1,5000,active
CHEMBL2348808,CC(Oc1cccc2ccccc12)C(=O)Nc1ccc2oc(-c3ncccn3)nc2c1,5000,active
CHEMBL2348807,C[C@H](Oc1cccc2ccccc12)C(=O)Nc1ccc2oc(-c3ccc[nH]3)nc2c1,26,
CHEMBL2348806,C[C@H](Oc1cccc(Cl)c1Cl)C(=O)Nc1ccc2oc(-c3nccs3)nc2c1,17,
CHEMBL2348805,CC(Oc1ccc(Cl)c2ccccc12)C(=O)Nc1ccc2oc(-c3cncs3)nc2c1,28,
CHEMBL2348804,C[C@H](Oc1cccc2ccccc12)C(=O)Nc1ccc2oc(-c3cncs3)nc2c1,2.7,
CHEMBL2348803,C[C@H](Oc1cccc(Cl)c1Cl)C(=O)Nc1ccc2oc(-c3cncs3)nc2c1,1.4,
CHEMBL2348802,CC(Oc1ccc(Cl)cc1Cl)C(=O)Nc1ccc2oc(-c3ccccn3)nc2c1,210,
CHEMBL2348801,CC(Oc1ccc(Cl)cc1Cl)C(=O)Nc1ccc2oc(-c3cccnc3)nc2c1,150,
CHEMBL2348800,CC(Oc1ccc(Cl)cc1Cl)C(=O)Nc1ccc2oc(-c3ccccc3)nc2c1,5000,
CHEMBL2348799,COc1cccc(O[C@@H](C)C(=O)Nc2ccc3oc(-c4ccncc4)nc3c2)c1OC,50,
CHEMBL2348798,C[C@H](Oc1cccc([N+](=O)[O-])c1Cl)C(=O)Nc1ccc2oc(-c3ccncc3)nc2c1,2.3,
CHEMBL2348797,C[C@H](Oc1cccc(C(F)(F)F)c1Cl)C(=O)Nc1ccc2oc(-c3ccncc3)nc2c1,9,
CHEMBL2348796,C[C@H](Oc1cccc(Cl)c1Cl)C(=O)Nc1ccc2oc(-c3ccncc3)nc2c1,1.2,
CHEMBL2348823,C[C@H](Oc1cccc2ccccc12)C(=O)Nc1ccc2oc(-c3ccncc3)nc2c1,6.1,
CHEMBL2348822,C[C@@H](Oc1cccc2ccccc12)C(=O)Nc1ccc2oc(-c3ccncc3)nc2c1,400,
CHEMBL2348821,CC(C)C(Oc1cccc2ccccc12)C(=O)Nc1ccc2oc(-c3ccncc3)nc2c1,24,
CHEMBL1367075,CC(C)(Oc1ccc(Cl)cc1)C(=O)Nc1ccc2oc(-c3ccncc3)nc2c1,5000,
CHEMBL2348820,O=C(COc1ccc(Cl)cc1Cl)Nc1ccc2oc(-c3ccncc3)nc2c1,5000,
CHEMBL2348819,CC(Oc1ccc(Cl)c2ccccc12)C(=O)Nc1ccc2oc(-c3ccncc3)nc2c1,27,
CHEMBL2348818,CC(Oc1cccc2ccccc12)C(=O)Nc1ccc2oc(-c3ccncc3)nc2c1,9,
CHEMBL2348817,CC(Oc1c(Cl)cccc1Cl)C(=O)Nc1ccc2oc(-c3ccncc3)nc2c1,5000,
CHEMBL2348816,CC(Oc1cccc(Cl)c1Cl)C(=O)Nc1ccc2oc(-c3ccncc3)nc2c1,3,
CHEMBL2348815,CC(Oc1cccc(Cl)c1)C(=O)Nc1ccc2oc(-c3ccncc3)nc2c1,20,
CHEMBL2348814,COc1ccc(OC(C)C(=O)Nc2ccc3oc(-c4ccncc4)nc3c2)cc1,28,
CHEMBL2348813,CC(Oc1ccccc1)C(=O)Nc1ccc2oc(-c3ccncc3)nc2c1,40,
CHEMBL2348812,CC(Oc1ccc(Cl)cc1)C(=O)Nc1ccc2oc(-c3ccncc3)nc2c1,105,
CHEMBL2348811,CC(Oc1ccccc1Cl)C(=O)Nc1ccc2oc(-c3ccncc3)nc2c1,19,
CHEMBL1500466,CC(Oc1ccc(Cl)cc1Cl)C(=O)Nc1ccc2oc(-c3ccncc3)nc2c1,44,
CHEMBL3360641,COc1cc(NC(=O)Cn2ncc3c2-c2ccccc2CC3)ccc1Cl,100,
CHEMBL3360640,COc1cc(NC(=O)Cn2ncc3c2-c2ccccc2OC3)ccc1Cl,70,
CHEMBL3360639,COc1cc(NC(=O)Cn2ncc3c(=O)oc4cc(C)ccc4c32)ccc1Cl,2000,
CHEMBL3360638,COc1cc(NC(=O)C(C)n2ncc3c(=O)oc4ccccc4c32)ccc1Cl,63,
CHEMBL3360637,COc1cc(N(C)C(=O)Cn2ncc3c(=O)oc4ccccc4c32)ccc1Cl,5000,
CHEMBL3360636,O=C(Cn1ncc2c(=O)oc3ccccc3c21)Nc1ccc2ncccc2c1,80,
CHEMBL3360635,O=C(Cn1ncc2c(=O)oc3ccccc3c21)Nc1ccc2[nH]ccc2c1,5000,
CHEMBL3360634,O=C(Cn1ncc2c(=O)oc3ccccc3c21)Nc1ccc2cc[nH]c2c1,120,
CHEMBL3360633,O=C(Cn1ncc2c(=O)oc3ccccc3c21)Nc1ccc2[nH]cnc2c1,2500,
CHEMBL3360632,COc1cc(NC(=O)Cn2ncc3c(=O)oc4ccccc4c32)ccc1Cl,20,
CHEMBL3360631,O=C(Cn1ncc2c(=O)oc3ccccc3c21)Nc1ccc2ccccc2c1,67,
CHEMBL3360630,COc1ccc(NC(=O)Cn2ncc3c(=O)oc4ccccc4c32)cc1OC,2500,
CHEMBL3360629,O=C(Cn1ncc2c(=O)oc3ccccc3c21)Nc1ccc2c(c1)OCCO2,190,
CHEMBL3360628,O=C(Cn1ncc2c(=O)oc3ccccc3c21)Nc1ccc(Cl)cc1Cl,5000,
CHEMBL3360627,O=C(Cn1ncc2c(=O)oc3ccccc3c21)Nc1ccc(Cl)c(Cl)c1,44,
CHEMBL3360626,O=C(Cn1ncc2c(=O)oc3ccccc3c21)Nc1ccc(C(F)(F)F)cc1,580,
CHEMBL3360625,O=C(Cn1ncc2c(=O)oc3ccccc3c21)Nc1ccc(F)cc1,460,
CHEMBL3360624,O=C(Cn1ncc2c(=O)oc3ccccc3c21)Nc1ccccc1Cl,5000,
CHEMBL3360623,O=C(Cn1ncc2c(=O)oc3ccccc3c21)Nc1cccc(Cl)c1,5000,
CHEMBL3360622,COc1cccc(NC(=O)Cn2ncc3c(=O)oc4ccccc4c32)c1,1500,
CHEMBL3360621,COc1cccc(NC(=O)Cn2cc3c(=O)oc4ccccc4c3n2)c1,5000,
CHEMBL3329559,CC(Oc1ccc(-c2ccccc2)cc1)C(=O)Nc1ccc(Cl)cc1,1100,
CHEMBL3329560,O=C(COc1cccc2ccccc12)Nc1ccc(Br)cc1,5000,
CHEMBL564187,O=C(Nc1ccc(Cl)cc1)C(Oc1cccc2ccccc12)c1ccccc1,5000,
CHEMBL557281,CC(C)C(Oc1cccc2ccccc12)C(=O)Nc1ccc(Cl)cc1,700,
CHEMBL564117,O=C(Nc1ccc(Cl)cc1)C(Oc1cccc2ccccc12)C1CC1,5000,
CHEMBL3329561,C/C(=N\O)c1cccc(C(C)(C)NC(=O)Nc2ccc(Cl)c(Cl)c2)c1,190,
CHEMBL3329562,C/C(=N\O)c1cccc(C(C)(C)NC(=O)Nc2ccc(Br)cc2)c1,9,
CHEMBL2178638,CC(=O)c1cccc(CNC(=O)Nc2ccc(Cl)cc2)c1,5000,
CHEMBL2178644,C/C(=N\O)c1cccc(C(C)(C)NC(=O)Nc2ccc(Cl)c(C(F)(F)F)c2)c1,1,
CHEMBL3329563,C/C(=N\O)c1cccc(C(C)(C)NC(=O)Nc2ccc(Cl)c(C(=O)N3CCN(C)CC3)c2)c1,330,
CHEMBL2178652,C=C(C)c1cccc(C(C)(C)NC(=O)Nc2ccc(Cl)c(C(F)(F)F)c2)c1,4,
CHEMBL2348796,C[C@H](Oc1cccc(Cl)c1Cl)C(=O)Nc1ccc2oc(-c3ccncc3)nc2c1,1.2,
CHEMBL2348631,C[C@H](Oc1cccc(Cl)c1Cl)C(=O)Nc1cccc(NC(=O)c2ccncc2)c1,5000,
CHEMBL2348634,C[C@H](C(=O)Nc1ccc2oc(-c3ccncc3)nc2c1)c1ccccc1,5000,
CHEMBL3329564,CC(Oc1cccc([N+](=O)[O-])c1Cl)C(=O)Nc1ccc2oc(-c3ccncc3)nc2c1,49,
CHEMBL2348627,C[C@H](Oc1cccc(Cl)c1Cl)C(=O)Nc1ccc2nc(-c3ccncc3)oc2c1,0.6,
CHEMBL2348794,C[C@H](Nc1cccc(Cl)c1Cl)C(=O)Nc1ccc2oc(-c3ccncc3)nc2c1,0.5,
